id,first_name,last_name,email,gender,ip_address
1,Allis,Parren,aparren0@earthlink.net,Female,154.80.159.121
2,Dietrich,Leipoldt,dleipoldt1@storify.com,Male,72.177.98.150
3,Pierson,Slide,pslide2@ycombinator.com,Male,3.164.230.69
4,Hakeem,Puig,hpuig3@eepurl.com,Male,87.48.29.170
5,Rahel,Matusov,rmatusov4@rakuten.co.jp,Female,194.244.57.95
6,Schuyler,Halversen,shalversen5@sakura.ne.jp,Genderqueer,4.102.57.109
7,Morgen,Piggrem,mpiggrem6@xrea.com,Male,253.93.138.76
8,Mohandas,Rutley,mrutley7@friendfeed.com,Male,62.24.103.92
9,Almeda,Offell,aoffell8@sfgate.com,Female,100.113.99.161
10,Auria,Pfleger,apfleger9@ifeng.com,Female,29.97.12.151
11,Dulcia,Severy,dseverya@telegraph.co.uk,Female,63.68.156.113
12,Nicolis,Tythacott,ntythacottb@oracle.com,Male,192.116.0.55
13,Jeddy,Sayes,jsayesc@123-reg.co.uk,Male,167.105.139.127
14,Naoma,Hallor,nhallord@state.tx.us,Polygender,35.21.3.218
15,Stefa,Tutchell,stutchelle@linkedin.com,Female,234.57.252.83
16,Terri,Barbour,tbarbourf@google.com,Female,4.29.38.47
17,Bettine,Fantham,bfanthamg@parallels.com,Female,89.208.236.228
18,Samantha,Oldknowe,soldknoweh@webmd.com,Female,67.200.133.98
19,Isadora,Jikovsky,ijikovskyi@latimes.com,Female,83.241.63.119
20,Salomo,Choudhury,schoudhuryj@epa.gov,Male,19.10.162.245
21,Donnajean,Bech,dbechk@sina.com.cn,Female,199.17.131.238
22,Tommie,Markl,tmarkll@nifty.com,Male,7.34.202.85
23,Ingra,Carrack,icarrackm@theglobeandmail.com,Male,24.48.59.46
24,Twila,Surtees,tsurteesn@yale.edu,Female,236.77.159.236
25,Daloris,Jerome,djeromeo@dedecms.com,Female,97.81.117.148
26,Chick,Dungate,cdungatep@nsw.gov.au,Male,183.49.243.29
27,Ginelle,Ablitt,gablittq@stanford.edu,Female,27.139.68.220
28,Nicola,Guinan,nguinanr@youku.com,Male,69.23.214.112
29,Noll,Schach,nschachs@hibu.com,Male,107.113.67.136
30,Loleta,Dyet,ldyett@123-reg.co.uk,Female,72.8.110.164
31,Adriane,Chardin,achardinu@linkedin.com,Non-binary,183.250.192.155
32,Freddie,Nicholson,fnicholsonv@blogspot.com,Male,100.123.233.199
33,Guglielmo,Whitebrook,gwhitebrookw@amazonaws.com,Non-binary,131.81.67.54
34,Carolus,Ennals,cennalsx@tinyurl.com,Male,13.135.36.229
35,Torrie,Bartosiak,tbartosiaky@howstuffworks.com,Agender,221.133.213.213
36,Maren,Branthwaite,mbranthwaitez@google.nl,Female,86.211.110.154
37,Lisa,Darlison,ldarlison10@de.vu,Female,113.5.194.94
38,Lucius,Rosel,lrosel11@go.com,Male,62.248.193.202
39,Myrna,Louw,mlouw12@miitbeian.gov.cn,Female,230.6.248.98
40,Celie,Caesman,ccaesman13@cmu.edu,Female,56.128.39.78
41,Far,Hawke,fhawke14@yolasite.com,Male,237.16.143.211
42,Giorgia,Derl,gderl15@wordpress.com,Female,41.122.60.37
43,Dolf,Swaden,dswaden16@virginia.edu,Male,13.171.70.131
44,Iggy,Dewsbury,idewsbury17@rambler.ru,Male,185.254.243.139
45,Griffin,Yurkiewicz,gyurkiewicz18@clickbank.net,Male,43.125.42.160
46,Banky,Eyers,beyers19@moonfruit.com,Male,97.193.238.160
47,Levy,Baston,lbaston1a@biblegateway.com,Male,125.96.74.119
48,Lyn,Strood,lstrood1b@patch.com,Male,1.63.184.253
49,Armando,Darrington,adarrington1c@sohu.com,Male,213.177.102.224
50,Vanny,Poppy,vpoppy1d@sciencedaily.com,Female,153.55.192.118
51,Forbes,Whorlton,fwhorlton1e@whitehouse.gov,Male,71.60.151.205
52,Niel,Wilby,nwilby1f@patch.com,Agender,213.107.246.42
53,Dilly,Oliva,doliva1g@springer.com,Male,166.110.242.120
54,Dreddy,Kaszper,dkaszper1h@tinyurl.com,Female,76.65.23.233
55,Michael,Cossem,mcossem1i@marketwatch.com,Male,103.134.185.40
56,Sibelle,Clegg,sclegg1j@google.es,Female,73.200.136.28
57,Terry,Hugueville,thugueville1k@posterous.com,Genderqueer,177.190.15.176
58,Millisent,Joll,mjoll1l@cornell.edu,Female,175.181.219.124
59,Archibaldo,O'Hickee,aohickee1m@i2i.jp,Male,204.91.25.127
60,Alvie,Stitt,astitt1n@rakuten.co.jp,Male,234.87.153.15
61,Stephi,Verni,sverni1o@altervista.org,Female,69.19.225.97
62,Murielle,Gaspar,mgaspar1p@umn.edu,Female,110.226.187.6
63,Baron,Linden,blinden1q@skyrock.com,Male,251.72.188.37
64,Magdaia,Bather,mbather1r@sogou.com,Female,206.25.163.239
65,Rodolphe,Oliphard,roliphard1s@qq.com,Male,124.73.241.95
66,Gaylor,Swayton,gswayton1t@irs.gov,Male,242.18.125.30
67,Bat,Gardner,bgardner1u@chronoengine.com,Male,60.169.96.111
68,Jaymie,Settle,jsettle1v@quantcast.com,Male,95.94.252.132
69,Ashely,Wiseman,awiseman1w@cbsnews.com,Female,28.159.233.114
70,Car,Ebbutt,cebbutt1x@squarespace.com,Male,86.174.65.234
71,Nat,Butchart,nbutchart1y@flavors.me,Male,31.72.42.104
72,Mariette,Laurencot,mlaurencot1z@usa.gov,Genderqueer,129.180.184.236
73,Putnem,Dunstan,pdunstan20@naver.com,Agender,12.175.245.128
74,Elga,Carlill,ecarlill21@noaa.gov,Agender,25.180.55.1
75,Katherine,Stag,kstag22@jimdo.com,Female,63.156.127.83
76,Claretta,Gauld,cgauld23@alexa.com,Female,101.229.92.219
77,Lonny,Baughn,lbaughn24@storify.com,Agender,145.53.124.171
78,Nathanael,Taynton,ntaynton25@a8.net,Male,22.84.174.44
79,Hendrick,Benson,hbenson26@sitemeter.com,Male,247.76.116.158
80,Engelbert,L'Episcopio,elepiscopio27@scribd.com,Male,200.192.224.230
81,Alleyn,Folkes,afolkes28@cbsnews.com,Male,36.125.88.207
82,Juanita,Gyver,jgyver29@noaa.gov,Female,119.112.78.233
83,Kilian,Nazaret,knazaret2a@umich.edu,Male,218.126.136.204
84,Tanner,Zuann,tzuann2b@bbc.co.uk,Male,195.157.245.101
85,Tallie,Heinrici,theinrici2c@wunderground.com,Female,77.117.183.212
86,Luigi,Farquarson,lfarquarson2d@accuweather.com,Male,84.49.192.167
87,Pearline,Connerly,pconnerly2e@china.com.cn,Female,24.43.88.178
88,Andy,Gueinn,agueinn2f@ocn.ne.jp,Male,59.130.127.112
89,Biddie,Lindenman,blindenman2g@zdnet.com,Female,81.181.210.167
90,Ana,Rolley,arolley2h@census.gov,Female,89.87.115.92
91,Marti,Rizzone,mrizzone2i@google.pl,Female,100.158.190.153
92,Richie,Ridulfo,rridulfo2j@live.com,Male,84.128.2.130
93,Gradeigh,Gawith,ggawith2k@mac.com,Male,38.22.41.242
94,Joel,Denyukin,jdenyukin2l@hexun.com,Male,53.155.0.58
95,Robinson,Covolini,rcovolini2m@virginia.edu,Male,130.93.61.165
96,Vivianne,Denham,vdenham2n@economist.com,Female,228.80.215.110
97,Ciel,Farrar,cfarrar2o@linkedin.com,Female,136.128.186.95
98,Janessa,Casoni,jcasoni2p@ibm.com,Female,215.52.128.213
99,Timothee,Rudall,trudall2q@ameblo.jp,Bigender,63.5.190.210
100,Minor,Jickells,mjickells2r@archive.org,Male,141.119.6.126
101,Sigfried,Alldread,salldread2s@blogs.com,Genderqueer,44.89.26.114
102,Rowland,Shelley,rshelley2t@timesonline.co.uk,Male,119.53.8.247
103,Zaria,Thomton,zthomton2u@microsoft.com,Female,190.217.85.197
104,Marget,Hancill,mhancill2v@nature.com,Female,52.156.179.226
105,Jennee,Heino,jheino2w@comcast.net,Female,30.224.241.97
106,Benjamen,Minall,bminall2x@over-blog.com,Male,75.246.67.186
107,Renelle,Vermer,rvermer2y@themeforest.net,Female,111.162.21.208
108,Quinn,Oldale,qoldale2z@microsoft.com,Female,158.117.111.143
109,Stella,Shortin,sshortin30@mtv.com,Female,153.162.32.109
110,Mallory,Ferryman,mferryman31@cdc.gov,Male,234.89.83.212
111,Adelaida,Lindstrom,alindstrom32@infoseek.co.jp,Female,237.66.84.166
112,Lanae,Cuddy,lcuddy33@bluehost.com,Female,139.240.139.124
113,Palm,Luney,pluney34@unesco.org,Male,92.76.237.86
114,Archy,Corrado,acorrado35@gov.uk,Male,222.214.14.121
115,Leonardo,Cabbell,lcabbell36@ed.gov,Male,56.26.52.73
116,Tam,Fere,tfere37@phoca.cz,Male,202.22.111.171
117,Lauree,Matuska,lmatuska38@trellian.com,Genderfluid,171.227.189.49
118,Alaric,Antony,aantony39@blogspot.com,Male,172.118.112.250
119,Shayla,Pellitt,spellitt3a@gnu.org,Female,87.173.100.64
120,Royce,Osburn,rosburn3b@youku.com,Male,173.53.95.172
121,Wendel,Keighly,wkeighly3c@devhub.com,Male,51.251.228.119
122,Creighton,Hulcoop,chulcoop3d@cnn.com,Male,25.89.133.161
123,Dane,Chimenti,dchimenti3e@homestead.com,Male,186.240.61.109
124,Uta,Mosedill,umosedill3f@goodreads.com,Female,5.87.185.184
125,Margalo,Malser,mmalser3g@washington.edu,Female,31.74.212.26
126,Rock,Bodell,rbodell3h@sitemeter.com,Bigender,59.97.165.120
127,Blinni,Cozzi,bcozzi3i@blog.com,Female,144.35.220.166
128,Catina,Edowes,cedowes3j@netlog.com,Female,89.148.3.218
129,Erny,Nolli,enolli3k@vistaprint.com,Male,45.96.212.142
130,Aldous,Lowther,alowther3l@meetup.com,Agender,157.207.164.148
131,Haydon,Gosdin,hgosdin3m@vinaora.com,Male,20.22.140.44
132,Loraine,Finnes,lfinnes3n@sakura.ne.jp,Female,119.104.207.90
133,Tymothy,Gillham,tgillham3o@wikia.com,Male,244.212.145.63
134,Merry,Fillan,mfillan3p@purevolume.com,Female,135.180.24.80
135,Whitman,Sorel,wsorel3q@alexa.com,Male,60.111.115.186
136,Cyb,Lackington,clackington3r@auda.org.au,Female,25.164.255.115
137,Marshall,Baraclough,mbaraclough3s@icq.com,Male,162.91.88.106
138,Irv,Gohn,igohn3t@msu.edu,Male,31.95.128.37
139,Jemmy,Hearfield,jhearfield3u@google.nl,Female,11.51.1.237
140,Winni,Prisk,wprisk3v@shinystat.com,Female,55.17.34.194
141,Den,Sture,dsture3w@imageshack.us,Male,8.192.246.21
142,Reade,Olyet,rolyet3x@facebook.com,Male,148.228.137.151
143,Crista,McGhee,cmcghee3y@howstuffworks.com,Female,71.85.136.177
144,Cob,Ida,cida3z@t.co,Male,249.150.187.90
145,Eleonore,Spinke,espinke40@deviantart.com,Female,116.231.186.204
146,Valentine,Brazel,vbrazel41@taobao.com,Female,15.66.96.45
147,Rollin,Castro,rcastro42@squidoo.com,Male,181.75.19.22
148,Odo,Pocknoll,opocknoll43@state.tx.us,Male,214.70.82.80
149,Marin,Esmond,mesmond44@abc.net.au,Female,59.126.107.91
150,Meggie,Portal,mportal45@shop-pro.jp,Bigender,23.221.242.110
151,Donal,Thewless,dthewless46@deviantart.com,Male,117.219.122.121
152,Parry,Wilmut,pwilmut47@abc.net.au,Male,97.175.4.25
153,Francyne,MacRanald,fmacranald48@dyndns.org,Female,54.115.122.82
154,Bab,Espinho,bespinho49@wikia.com,Female,107.139.215.133
155,Wallas,Marton,wmarton4a@ucoz.com,Agender,84.21.165.20
156,Joaquin,Blastock,jblastock4b@comsenz.com,Male,70.28.27.26
157,Mareah,Schapiro,mschapiro4c@myspace.com,Female,123.81.166.71
158,Ross,Trice,rtrice4d@stumbleupon.com,Male,174.110.222.181
159,Kory,Beasant,kbeasant4e@marriott.com,Male,28.28.101.46
160,Pierson,Elies,pelies4f@sitemeter.com,Male,227.19.158.212
161,Ransom,Roath,rroath4g@freewebs.com,Male,98.45.36.157
162,Susanetta,Corah,scorah4h@tripadvisor.com,Agender,175.102.131.182
163,Kellen,Pfeffer,kpfeffer4i@gravatar.com,Female,66.125.26.221
164,Orren,Hagerty,ohagerty4j@webmd.com,Male,167.122.166.92
165,Martie,Grime,mgrime4k@hatena.ne.jp,Female,201.115.35.54
166,Herbert,Sitlington,hsitlington4l@cnet.com,Male,11.101.12.92
167,Rolph,Newtown,rnewtown4m@alibaba.com,Male,190.239.214.131
168,Brant,Ilyenko,bilyenko4n@dot.gov,Male,253.211.26.89
169,Archaimbaud,Fliege,afliege4o@rediff.com,Male,59.82.164.34
170,Cheryl,Dinnies,cdinnies4p@typepad.com,Female,209.134.182.26
171,Cyrus,Delamaine,cdelamaine4q@bloglines.com,Male,113.163.186.238
172,Adolphus,Skirrow,askirrow4r@hao123.com,Male,111.13.75.152
173,Orrin,Langmuir,olangmuir4s@answers.com,Male,229.162.189.241
174,Sasha,Critchard,scritchard4t@merriam-webster.com,Male,108.50.196.190
175,Korie,Bushell,kbushell4u@yale.edu,Female,199.30.213.199
176,Hobie,Beecham,hbeecham4v@mit.edu,Male,199.248.222.255
177,Keely,Cunniffe,kcunniffe4w@wunderground.com,Female,176.187.123.141
178,Tildi,Migheli,tmigheli4x@oracle.com,Female,126.27.252.67
179,Marget,Cleminson,mcleminson4y@examiner.com,Genderfluid,130.55.175.251
180,Georas,Dancy,gdancy4z@liveinternet.ru,Male,68.55.112.69
181,Ursulina,Owttrim,uowttrim50@tiny.cc,Female,209.4.64.55
182,Randolf,Pococke,rpococke51@flavors.me,Male,27.190.50.160
183,Frederique,Samper,fsamper52@sourceforge.net,Female,124.255.221.65
184,Rick,Treble,rtreble53@elegantthemes.com,Male,50.174.240.76
185,Christine,Findon,cfindon54@apache.org,Polygender,195.226.209.90
186,Berkley,Worsfield,bworsfield55@patch.com,Male,238.187.70.4
187,Flossie,Sturte,fsturte56@who.int,Female,242.19.102.168
188,Yul,Godsmark,ygodsmark57@meetup.com,Male,139.146.97.37
189,Mycah,Simmank,msimmank58@forbes.com,Male,9.93.93.207
190,Eugenius,Sharpley,esharpley59@illinois.edu,Agender,196.48.104.129
191,Sol,Baldacchino,sbaldacchino5a@answers.com,Male,157.195.159.106
192,Miguel,Sherebrooke,msherebrooke5b@walmart.com,Male,36.134.219.93
193,Denis,Barabich,dbarabich5c@weebly.com,Male,66.192.36.194
194,Jamil,Hargess,jhargess5d@gizmodo.com,Male,11.65.0.22
195,Cristy,Fruchon,cfruchon5e@surveymonkey.com,Female,135.36.75.46
196,Anthony,Yurkevich,ayurkevich5f@jigsy.com,Male,31.162.66.92
197,Sibyl,Farrear,sfarrear5g@lycos.com,Male,254.126.220.139
198,Florrie,Gilding,fgilding5h@shutterfly.com,Polygender,158.94.136.235
199,Aldous,Dowdell,adowdell5i@fotki.com,Male,197.251.223.63
200,Jacqui,Hynd,jhynd5j@walmart.com,Female,188.49.66.67
201,Kipper,Vannah,kvannah5k@hexun.com,Male,128.33.208.132
202,Shelia,Scorthorne,sscorthorne5l@desdev.cn,Female,11.194.165.139
203,Flint,Cogin,fcogin5m@slideshare.net,Male,229.227.199.233
204,Brigitta,Epton,bepton5n@senate.gov,Female,30.44.103.77
205,Berti,Surridge,bsurridge5o@hugedomains.com,Female,24.252.228.116
206,Noam,Enrietto,nenrietto5p@reverbnation.com,Male,229.223.161.41
207,Drusi,Wycliff,dwycliff5q@shutterfly.com,Female,113.206.177.78
208,Hobey,Yuille,hyuille5r@plala.or.jp,Male,201.39.154.27
209,Isabelita,Liley,ililey5s@samsung.com,Female,102.221.120.66
210,Lois,Doick,ldoick5t@wsj.com,Female,253.109.97.138
211,Franny,Lally,flally5u@soup.io,Male,88.143.42.226
212,Rowen,Veale,rveale5v@yolasite.com,Male,34.47.88.27
213,Ode,Bakhrushin,obakhrushin5w@facebook.com,Male,221.106.245.236
214,Rudy,Emer,remer5x@stanford.edu,Male,205.14.77.23
215,Aubry,Howgill,ahowgill5y@unicef.org,Female,217.12.100.68
216,Nickie,Martt,nmartt5z@businessinsider.com,Female,115.115.26.164
217,Elie,Furminger,efurminger60@tripadvisor.com,Female,12.28.181.70
218,Marys,Drust,mdrust61@t-online.de,Female,141.13.64.53
219,Mendie,MacSkeaghan,mmacskeaghan62@lulu.com,Male,181.82.186.206
220,Jethro,Othick,jothick63@cdbaby.com,Genderfluid,196.209.208.157
221,Odette,Aulsford,oaulsford64@amazon.co.uk,Female,121.237.192.239
222,Bill,Blazi,bblazi65@baidu.com,Male,114.186.119.251
223,Jillian,Deverose,jdeverose66@chronoengine.com,Female,223.36.168.222
224,Westbrooke,Ropp,wropp67@ucsd.edu,Male,106.63.81.149
225,Whitby,Pengilly,wpengilly68@eventbrite.com,Male,142.100.75.252
226,Tiebold,Klas,tklas69@mozilla.com,Male,150.156.7.213
227,Elvira,Dobing,edobing6a@huffingtonpost.com,Female,29.71.110.39
228,Palm,Doll,pdoll6b@purevolume.com,Male,178.229.183.222
229,Oby,Sharpless,osharpless6c@microsoft.com,Male,225.6.59.177
230,Cordelie,Corroyer,ccorroyer6d@t.co,Female,196.103.3.169
231,Waldo,Bousfield,wbousfield6e@noaa.gov,Male,23.163.255.191
232,Daven,Ironside,dironside6f@posterous.com,Male,176.119.1.243
233,Kerwinn,Renad,krenad6g@princeton.edu,Male,5.42.201.5
234,Cristionna,Loveridge,cloveridge6h@telegraph.co.uk,Female,80.202.142.200
235,Jessie,Beamond,jbeamond6i@tripadvisor.com,Male,189.3.65.237
236,Samuele,Aidler,saidler6j@symantec.com,Male,158.179.225.162
237,Kinna,Currer,kcurrer6k@cornell.edu,Female,117.13.0.26
238,Kalina,Smillie,ksmillie6l@imageshack.us,Genderfluid,241.34.30.150
239,Dannie,Sewill,dsewill6m@skyrock.com,Male,115.150.44.209
240,Romona,Agge,ragge6n@latimes.com,Female,109.238.56.77
241,Floris,Bazek,fbazek6o@ted.com,Female,246.184.34.66
242,Lulu,Leftbridge,lleftbridge6p@apache.org,Female,11.227.187.30
243,Lodovico,Semper,lsemper6q@hhs.gov,Male,19.211.108.158
244,Stella,Oylett,soylett6r@discovery.com,Female,146.193.172.169
245,Jed,Hourston,jhourston6s@qq.com,Male,178.15.7.56
246,Win,Macveigh,wmacveigh6t@ca.gov,Male,208.117.157.70
247,Tannie,Waddington,twaddington6u@archive.org,Male,244.141.214.41
248,Marie,Bucktrout,mbucktrout6v@fema.gov,Female,27.55.99.106
249,Ernestus,Mansuer,emansuer6w@bravesites.com,Male,157.27.16.120
250,Shirl,Noden,snoden6x@prweb.com,Female,42.59.141.12
251,Tim,Godmar,tgodmar6y@nymag.com,Male,245.179.183.247
252,Chrissie,Girvan,cgirvan6z@bluehost.com,Female,66.225.61.158
253,Jan,Chominski,jchominski70@mashable.com,Male,97.35.214.200
254,Nicolis,Benjafield,nbenjafield71@a8.net,Male,225.97.151.107
255,Lotty,Broadbridge,lbroadbridge72@psu.edu,Bigender,2.29.123.57
256,Che,Vida,cvida73@so-net.ne.jp,Male,233.178.64.169
257,Brnaba,Grabbam,bgrabbam74@fastcompany.com,Male,222.103.29.92
258,Marchelle,Scanlin,mscanlin75@economist.com,Female,98.227.165.216
259,Flori,Phelp,fphelp76@github.com,Genderfluid,61.153.198.101
260,Carley,Gantzman,cgantzman77@naver.com,Female,89.5.198.141
261,Stoddard,Butterwick,sbutterwick78@cloudflare.com,Female,41.106.74.27
262,Zsa zsa,Deakes,zdeakes79@earthlink.net,Female,199.226.78.77
263,Tobi,Deller,tdeller7a@vinaora.com,Female,69.141.126.73
264,Layne,Edmonstone,ledmonstone7b@sciencedaily.com,Female,37.185.177.121
265,Selene,Troubridge,stroubridge7c@mediafire.com,Female,216.151.209.135
266,Gualterio,Shellcross,gshellcross7d@weibo.com,Male,166.238.237.99
267,Kareem,Lindl,klindl7e@jiathis.com,Male,214.70.170.146
268,Massimiliano,Skeggs,mskeggs7f@bizjournals.com,Male,88.0.91.146
269,Connor,Burgan,cburgan7g@comcast.net,Male,191.81.88.130
270,Bertrando,Mandy,bmandy7h@buzzfeed.com,Genderfluid,246.253.13.15
271,Emile,Gerriet,egerriet7i@bloglines.com,Male,250.148.57.139
272,Noelle,Helversen,nhelversen7j@va.gov,Female,224.92.132.105
273,Francesco,Jime,fjime7k@aboutads.info,Male,51.210.115.134
274,Adelice,Frake,afrake7l@com.com,Female,143.225.55.86
275,Aubrey,Pennings,apennings7m@yale.edu,Bigender,237.28.79.97
276,Ginnifer,Mursell,gmursell7n@engadget.com,Female,32.8.251.52
277,Helga,Bolingbroke,hbolingbroke7o@plala.or.jp,Female,235.121.170.217
278,Hakim,Birkenshaw,hbirkenshaw7p@noaa.gov,Male,55.93.205.81
279,Bran,Willmer,bwillmer7q@rambler.ru,Male,221.14.136.212
280,Englebert,Sewall,esewall7r@vimeo.com,Male,147.227.14.233
281,Claudine,Goosnell,cgoosnell7s@google.fr,Female,98.227.116.140
282,Elysha,Mertgen,emertgen7t@behance.net,Female,30.107.42.143
283,Arvie,Reddlesden,areddlesden7u@live.com,Male,22.59.187.128
284,Kerrie,Nisbet,knisbet7v@imageshack.us,Polygender,131.181.251.222
285,Opal,Gosenell,ogosenell7w@cornell.edu,Female,85.123.171.142
286,Bing,Raper,braper7x@washington.edu,Male,231.148.162.112
287,Junie,Kilshaw,jkilshaw7y@opera.com,Female,219.228.218.135
288,Shanta,MacCostigan,smaccostigan7z@ow.ly,Female,245.253.217.61
289,Merrily,Longstaff,mlongstaff80@sohu.com,Female,177.0.253.141
290,Matthieu,Strettell,mstrettell81@mozilla.org,Male,253.87.15.110
291,Gus,Barnicott,gbarnicott82@ox.ac.uk,Male,134.69.70.51
292,Melisande,Tunder,mtunder83@si.edu,Female,105.3.4.38
293,Mignonne,Duncanson,mduncanson84@youtu.be,Female,26.159.36.150
294,Bjorn,Hutten,bhutten85@slashdot.org,Male,254.45.174.169
295,Julio,Steart,jsteart86@dot.gov,Bigender,104.188.189.149
296,Moyra,Stanners,mstanners87@wix.com,Female,209.16.31.86
297,Nelli,Perrigo,nperrigo88@berkeley.edu,Non-binary,21.8.118.170
298,Yuri,Beckles,ybeckles89@oaic.gov.au,Male,181.255.152.182
299,Gib,Matterface,gmatterface8a@mac.com,Polygender,107.99.36.10
300,Beryl,O'Fallon,bofallon8b@nasa.gov,Female,234.167.211.196
301,Joleen,Eskriett,jeskriett8c@hhs.gov,Female,56.134.165.244
302,Fredek,MacKay,fmackay8d@auda.org.au,Male,77.235.25.64
303,Lorri,Helgass,lhelgass8e@icq.com,Genderfluid,88.101.227.67
304,Herman,Kilius,hkilius8f@digg.com,Male,136.24.175.151
305,Beilul,Kilfoyle,bkilfoyle8g@mysql.com,Agender,127.4.136.3
306,Helyn,Tomankowski,htomankowski8h@cafepress.com,Female,242.109.11.101
307,Adda,Pollie,apollie8i@dagondesign.com,Female,185.17.158.137
308,Palmer,Dring,pdring8j@indiatimes.com,Male,215.150.55.125
309,Rafi,Spincks,rspincks8k@reference.com,Male,207.199.94.7
310,Petey,Schout,pschout8l@toplist.cz,Male,182.254.194.4
311,Lynna,Larive,llarive8m@elegantthemes.com,Female,145.176.134.171
312,Ives,Cordaroy,icordaroy8n@prnewswire.com,Male,94.44.177.163
313,Herrick,Fitzsimmons,hfitzsimmons8o@intel.com,Male,138.22.75.92
314,Teresita,Hogbourne,thogbourne8p@home.pl,Female,201.56.152.153
315,Jae,Greensite,jgreensite8q@ox.ac.uk,Non-binary,236.177.10.0
316,Addi,Alten,aalten8r@examiner.com,Female,47.5.249.15
317,Hanny,Ivanikov,hivanikov8s@bloomberg.com,Female,49.28.73.195
318,Vaughn,Dumbellow,vdumbellow8t@dmoz.org,Genderfluid,183.210.28.17
319,Flinn,Ludye,fludye8u@amazon.de,Male,246.204.102.204
320,Barth,Eliff,beliff8v@sun.com,Male,168.132.76.86
321,Giraud,Ladon,gladon8w@wufoo.com,Male,255.253.55.172
322,Leslie,Whitlow,lwhitlow8x@unesco.org,Female,112.64.220.241
323,Humbert,Elner,helner8y@oakley.com,Genderqueer,1.68.67.193
324,Jammie,Roskruge,jroskruge8z@unesco.org,Female,151.128.97.21
325,Darnall,Greasley,dgreasley90@psu.edu,Genderfluid,230.98.196.78
326,Cordelia,Luckhurst,cluckhurst91@amazon.com,Bigender,218.230.248.196
327,Darbee,Melvin,dmelvin92@vistaprint.com,Male,3.239.219.59
328,Ervin,Favey,efavey93@pen.io,Genderfluid,26.49.64.88
329,Garv,Yabsley,gyabsley94@ow.ly,Male,45.26.236.34
330,Yorke,Chazelle,ychazelle95@scribd.com,Male,175.90.217.36
331,Tony,Janks,tjanks96@people.com.cn,Male,35.30.107.24
332,Dorothea,Ezzle,dezzle97@bizjournals.com,Female,107.21.215.39
333,Angeline,Lengthorn,alengthorn98@nyu.edu,Female,210.136.209.19
334,Zita,Water,zwater99@ca.gov,Female,57.68.218.227
335,Kore,Weins,kweins9a@redcross.org,Female,30.2.186.130
336,Loren,Linforth,llinforth9b@booking.com,Female,175.251.243.16
337,Arin,Ysson,aysson9c@vk.com,Male,209.4.149.84
338,Chastity,Sambrook,csambrook9d@tumblr.com,Female,103.42.118.20
339,Daffi,Bolingbroke,dbolingbroke9e@pcworld.com,Female,107.50.173.154
340,Rosalia,Camelli,rcamelli9f@senate.gov,Female,245.65.255.229
341,Harley,Stedmond,hstedmond9g@yandex.ru,Female,37.151.175.184
342,Ingeberg,Sushams,isushams9h@ycombinator.com,Female,26.58.188.15
343,Scott,Kisbee,skisbee9i@slideshare.net,Male,199.241.69.83
344,Jessamyn,Golborn,jgolborn9j@e-recht24.de,Female,150.139.124.171
345,Sascha,Pellew,spellew9k@wikia.com,Male,218.230.75.74
346,Gaylene,Dehn,gdehn9l@facebook.com,Female,217.42.159.178
347,Stillman,Inkster,sinkster9m@cbsnews.com,Male,36.62.39.172
348,Andy,Jessop,ajessop9n@home.pl,Female,55.140.55.57
349,Herbert,Strippel,hstrippel9o@google.co.jp,Male,52.229.76.223
350,Ollie,Basindale,obasindale9p@pagesperso-orange.fr,Female,68.20.19.69
351,Emelia,Poppleton,epoppleton9q@purevolume.com,Female,20.22.103.81
352,Murry,Gunningham,mgunningham9r@irs.gov,Male,121.41.154.241
353,Graig,Sole,gsole9s@un.org,Non-binary,125.249.128.255
354,Hughie,Matelyunas,hmatelyunas9t@huffingtonpost.com,Male,198.150.16.194
355,Kit,Dunk,kdunk9u@patch.com,Male,194.151.209.173
356,Judith,Ingold,jingold9v@histats.com,Female,220.160.22.31
357,Claudia,Ivanikov,civanikov9w@ca.gov,Female,35.148.179.226
358,Selestina,Arrowsmith,sarrowsmith9x@goo.gl,Female,168.176.4.218
359,Tanner,Balk,tbalk9y@wordpress.com,Male,93.152.180.94
360,Ike,Castane,icastane9z@dropbox.com,Male,207.166.159.246
361,Martha,Jansens,mjansensa0@paypal.com,Female,54.209.80.202
362,Andi,Gherardini,agherardinia1@cdc.gov,Female,16.12.11.230
363,Brooke,MacGarvey,bmacgarveya2@hatena.ne.jp,Male,38.35.200.104
364,Lonna,Merritt,lmerritta3@weibo.com,Female,33.103.79.163
365,Shawn,McArt,smcarta4@ning.com,Male,113.161.233.184
366,Orlan,Gerdts,ogerdtsa5@cornell.edu,Male,35.235.222.53
367,Dorri,Sayers,dsayersa6@furl.net,Female,40.218.242.162
368,Arlen,Flintoft,aflintofta7@sun.com,Female,228.130.39.38
369,Brandtr,Orro,borroa8@taobao.com,Male,16.176.82.23
370,Annis,Revill,arevilla9@about.me,Female,31.177.209.104
371,Robbie,Darnbrough,rdarnbroughaa@t.co,Male,40.178.163.190
372,Gilemette,Ballintyne,gballintyneab@imdb.com,Female,21.164.59.129
373,Kimmi,Setterthwait,ksetterthwaitac@unblog.fr,Female,18.214.65.6
374,Caldwell,Priestner,cpriestnerad@shop-pro.jp,Male,234.82.184.126
375,Clara,Phipard-Shears,cphipardshearsae@mapy.cz,Female,93.94.93.95
376,Guthrie,Naton,gnatonaf@exblog.jp,Polygender,106.97.26.68
377,Trueman,Brychan,tbrychanag@latimes.com,Male,76.203.144.173
378,Vikky,todor,vtodorah@jiathis.com,Female,112.168.255.56
379,Sashenka,Aspey,saspeyai@zdnet.com,Female,99.241.92.165
380,Grady,Jowsey,gjowseyaj@technorati.com,Male,127.242.143.235
381,Ardelis,Flay,aflayak@e-recht24.de,Female,20.148.23.153
382,Quentin,Stoddard,qstoddardal@1und1.de,Male,180.121.219.205
383,Halimeda,Heinig,hheinigam@free.fr,Female,219.210.243.106
384,Vincent,Saltsberg,vsaltsbergan@stumbleupon.com,Male,72.248.201.84
385,Derward,Ivshin,divshinao@is.gd,Male,19.179.28.146
386,Ilario,Slowcock,islowcockap@examiner.com,Male,71.214.54.129
387,Kristofor,Corrie,kcorrieaq@miibeian.gov.cn,Male,43.191.38.255
388,Krispin,McLagain,kmclagainar@spotify.com,Agender,52.154.206.225
389,Glenine,Willatts,gwillattsas@soup.io,Bigender,176.94.81.71
390,Claude,Coleman,ccolemanat@spotify.com,Genderfluid,211.51.112.177
391,Michaelina,Dusey,mduseyau@wiley.com,Bigender,234.146.0.154
392,Sibyl,Fickling,sficklingav@printfriendly.com,Female,120.49.153.231
393,Konstantine,Burbidge,kburbidgeaw@desdev.cn,Male,63.120.116.238
394,Anstice,Epps,aeppsax@discuz.net,Female,227.7.13.81
395,Barbara-anne,MacAlinden,bmacalindenay@vistaprint.com,Female,2.148.146.240
396,Caddric,Grangier,cgrangieraz@simplemachines.org,Male,231.32.242.201
397,Yves,Hannibal,yhannibalb0@php.net,Male,197.101.54.81
398,Kizzie,Ashbee,kashbeeb1@state.gov,Female,95.212.9.71
399,Dalis,Davidove,ddavidoveb2@phpbb.com,Male,28.255.203.181
400,Buddy,Estevez,bestevezb3@uol.com.br,Male,76.76.200.99
401,Dorolisa,Cockshutt,dcockshuttb4@bbc.co.uk,Genderfluid,27.185.126.24
402,Pennie,McShirrie,pmcshirrieb5@weather.com,Male,57.76.248.229
403,Ottilie,Hullock,ohullockb6@youtu.be,Female,154.201.247.30
404,Barret,Stonard,bstonardb7@digg.com,Male,112.174.12.185
405,Bruis,Blinde,bblindeb8@barnesandnoble.com,Male,225.232.140.186
406,Ashleigh,Holywell,aholywellb9@eepurl.com,Female,71.110.168.212
407,Laird,Bebbell,lbebbellba@uol.com.br,Male,83.17.13.232
408,Arie,Pavlovic,apavlovicbb@seesaa.net,Male,199.84.190.95
409,Salaidh,Snellman,ssnellmanbc@webnode.com,Female,49.23.207.205
410,Phyllys,Kaubisch,pkaubischbd@time.com,Female,57.96.51.109
411,Noell,Job,njobbe@shareasale.com,Female,88.131.212.255
412,Dari,Lent,dlentbf@slate.com,Female,53.6.28.157
413,Laryssa,Fife,lfifebg@nps.gov,Female,10.135.128.56
414,Delly,Bradlaugh,dbradlaughbh@free.fr,Female,242.189.61.255
415,Fitzgerald,Dimeloe,fdimeloebi@youtu.be,Male,6.104.147.120
416,Elladine,Caldeyroux,ecaldeyrouxbj@walmart.com,Female,174.114.61.205
417,Gwenni,Boorn,gboornbk@blogs.com,Female,45.226.102.247
418,Scottie,McGahy,smcgahybl@indiegogo.com,Male,107.203.140.192
419,Zorana,Smythin,zsmythinbm@yolasite.com,Female,96.128.116.141
420,Morgen,Hensmans,mhensmansbn@technorati.com,Female,39.27.24.166
421,Cary,Klimaszewski,cklimaszewskibo@xinhuanet.com,Female,22.38.112.170
422,Wilmar,Lenchenko,wlenchenkobp@google.ru,Non-binary,251.147.38.0
423,Fielding,Sigert,fsigertbq@dot.gov,Male,112.255.221.12
424,Carree,Spillman,cspillmanbr@drupal.org,Polygender,6.46.28.127
425,Tobe,Domone,tdomonebs@wunderground.com,Female,49.202.131.66
426,Florence,Goolden,fgooldenbt@soundcloud.com,Female,28.52.109.90
427,Xever,Hasselby,xhasselbybu@yahoo.com,Male,99.193.159.46
428,Muriel,Sainer,msainerbv@marketwatch.com,Female,25.168.86.253
429,Jere,Hastie,jhastiebw@vimeo.com,Male,163.229.36.204
430,Lorianne,McHarry,lmcharrybx@about.me,Female,237.69.46.234
431,Faustine,Masterson,fmastersonby@redcross.org,Female,141.119.142.52
432,Rutherford,Guiot,rguiotbz@washington.edu,Male,220.209.123.5
433,Flemming,Bleaden,fbleadenc0@skype.com,Male,74.213.175.224
434,Trstram,Fetter,tfetterc1@alexa.com,Male,56.215.105.84
435,Catarina,Yarnold,cyarnoldc2@e-recht24.de,Female,57.53.81.145
436,Rochella,Gainfort,rgainfortc3@live.com,Female,158.216.128.108
437,Linea,Ahrenius,lahreniusc4@trellian.com,Female,226.227.191.109
438,Sigismondo,Darcy,sdarcyc5@nyu.edu,Male,191.26.106.43
439,Ximenez,Rawlence,xrawlencec6@biblegateway.com,Male,121.87.149.212
440,Corenda,Lambdin,clambdinc7@howstuffworks.com,Female,186.181.107.178
441,Poppy,Gail,pgailc8@privacy.gov.au,Female,90.180.46.177
442,Tiffy,Dranfield,tdranfieldc9@about.me,Female,164.123.5.11
443,Willdon,Pasby,wpasbyca@admin.ch,Male,122.157.120.34
444,Conant,Mateu,cmateucb@state.tx.us,Male,98.230.84.157
445,Shelton,Truss,strusscc@intel.com,Male,22.178.126.255
446,Lane,Ing,lingcd@jiathis.com,Male,84.42.132.122
447,Siffre,Rhys,srhysce@w3.org,Male,106.93.87.94
448,Christan,Bonus,cbonuscf@photobucket.com,Female,128.10.3.136
449,Town,Finan,tfinancg@tuttocitta.it,Bigender,18.171.171.162
450,Merell,Tommasuzzi,mtommasuzzich@surveymonkey.com,Male,252.245.198.80
451,Anthea,MacCarter,amaccarterci@bing.com,Female,68.4.155.237
452,Christan,Milham,cmilhamcj@nih.gov,Female,243.73.187.148
453,Kamila,Cogle,kcogleck@wsj.com,Female,87.208.41.222
454,Nancee,Haste,nhastecl@weebly.com,Female,147.140.236.10
455,Cosimo,Gimert,cgimertcm@dedecms.com,Male,178.142.160.193
456,Brunhilda,Trembey,btrembeycn@reddit.com,Female,28.34.221.219
457,Coralie,Filkov,cfilkovco@360.cn,Female,97.250.58.108
458,Carol-jean,Geistbeck,cgeistbeckcp@tinyurl.com,Female,25.138.214.16
459,Westley,Dangerfield,wdangerfieldcq@dailymotion.com,Male,46.127.69.131
460,Burke,Marney,bmarneycr@yale.edu,Male,79.223.166.37
461,Rorke,Doige,rdoigecs@cornell.edu,Non-binary,26.10.52.142
462,Kaela,Claw,kclawct@yandex.ru,Genderqueer,84.114.81.225
463,Elvin,Wheelband,ewheelbandcu@nytimes.com,Genderfluid,34.31.245.143
464,Osgood,Krysztowczyk,okrysztowczykcv@mit.edu,Male,246.237.110.106
465,Susann,Ogilvie,sogilviecw@blog.com,Female,65.211.171.242
466,Jeanelle,Sabathe,jsabathecx@qq.com,Genderfluid,233.57.156.241
467,Freddy,Rambaut,frambautcy@ibm.com,Female,24.127.122.39
468,Rana,Harner,rharnercz@icio.us,Bigender,84.99.210.185
469,Onfroi,Belchamber,obelchamberd0@walmart.com,Male,93.116.24.12
470,Sylvester,Tilzey,stilzeyd1@upenn.edu,Male,204.194.111.77
471,Vi,Fowden,vfowdend2@howstuffworks.com,Female,151.125.93.65
472,Friedrick,Klossmann,fklossmannd3@histats.com,Male,6.84.213.89
473,Cyrillus,Boshers,cboshersd4@reverbnation.com,Male,69.10.234.35
474,Sybille,Amyes,samyesd5@java.com,Female,177.186.66.135
475,Kelcey,Chinery,kchineryd6@apple.com,Female,116.248.154.39
476,Hilliard,Duncombe,hduncombed7@eepurl.com,Male,79.66.92.46
477,Betti,Siddall,bsiddalld8@hp.com,Female,231.223.205.168
478,Maximilianus,Dockrill,mdockrilld9@tumblr.com,Male,240.231.174.44
479,Nikolaus,Mendenhall,nmendenhallda@yelp.com,Male,65.238.150.104
480,Polly,Eddleston,peddlestondb@trellian.com,Female,2.58.41.53
481,Elia,Tommen,etommendc@etsy.com,Male,101.137.157.78
482,Fabien,Albrook,falbrookdd@indiegogo.com,Bigender,188.98.91.190
483,Chip,Cultcheth,ccultchethde@cam.ac.uk,Male,237.104.7.208
484,Lorinda,O' Connell,loconnelldf@vistaprint.com,Female,209.28.17.26
485,Merralee,Dullard,mdullarddg@mayoclinic.com,Polygender,127.108.197.195
486,Silvanus,Scroxton,sscroxtondh@goo.gl,Male,10.92.253.38
487,Darryl,Hadwick,dhadwickdi@tinypic.com,Male,72.179.64.178
488,Helen-elizabeth,Baiden,hbaidendj@craigslist.org,Agender,90.94.0.139
489,Curry,Snellman,csnellmandk@shutterfly.com,Male,112.78.75.249
490,Kermie,Fardo,kfardodl@ucoz.com,Male,17.225.12.196
491,Amalia,Reasun,areasundm@businesswire.com,Female,225.172.43.75
492,Kristan,Andresen,kandresendn@princeton.edu,Female,85.243.15.179
493,Carter,Busher,cbusherdo@opensource.org,Male,96.125.220.142
494,Carolus,Uccelli,cuccellidp@diigo.com,Male,66.36.221.10
495,Clayborne,Godber,cgodberdq@tripadvisor.com,Male,63.146.158.165
496,Julina,Widdecombe,jwiddecombedr@squidoo.com,Female,8.32.116.47
497,Freddy,Ossipenko,fossipenkods@last.fm,Genderfluid,235.241.249.182
498,Morgen,Stannard,mstannarddt@odnoklassniki.ru,Male,22.222.220.27
499,Brent,Annell,bannelldu@google.ru,Male,124.167.197.220
500,Doralyn,Budcock,dbudcockdv@google.fr,Female,82.23.238.76
501,Viole,Washtell,vwashtelldw@skyrock.com,Female,94.172.50.148
502,Nicolea,Putterill,nputterilldx@livejournal.com,Female,45.23.38.248
503,Roxi,Bertot,rbertotdy@cnn.com,Female,123.129.31.117
504,Shanta,Samme,ssammedz@odnoklassniki.ru,Female,155.157.181.120
505,Maxie,Edser,medsere0@mtv.com,Female,186.252.48.168
506,Maryrose,Darker,mdarkere1@fema.gov,Female,130.169.174.224
507,Angelico,Huebner,ahuebnere2@ftc.gov,Male,240.226.20.4
508,Ermentrude,Pawellek,epawelleke3@canalblog.com,Female,113.73.13.112
509,Nathalia,Rowney,nrowneye4@cnet.com,Female,187.25.136.248
510,Sherye,Kyd,skyde5@indiatimes.com,Female,75.54.173.25
511,Mariquilla,Dyson,mdysone6@loc.gov,Female,150.74.138.103
512,Christian,Ondra,condrae7@tmall.com,Female,11.232.100.164
513,Sherwynd,Arnaudot,sarnaudote8@123-reg.co.uk,Male,239.208.135.45
514,Susan,Kellington,skellingtone9@virginia.edu,Female,25.23.31.193
515,Tommy,Hindes,thindesea@nba.com,Male,206.210.102.155
516,Tamra,Pepon,tpeponeb@indiegogo.com,Female,123.127.218.109
517,Jae,Ponnsett,jponnsettec@archive.org,Male,8.154.61.197
518,Munmro,Roylance,mroylanceed@sitemeter.com,Male,101.180.137.241
519,Ettie,Grigorini,egrigoriniee@miibeian.gov.cn,Female,170.57.151.155
520,Brunhilda,Gotfrey,bgotfreyef@whitehouse.gov,Female,34.2.71.192
521,Filia,Enos,fenoseg@lulu.com,Female,217.114.127.149
522,Enos,Boar,eboareh@admin.ch,Male,176.234.74.125
523,Helaine,Detloff,hdetloffei@yahoo.co.jp,Female,204.117.135.250
524,Aksel,Miskin,amiskinej@sbwire.com,Male,205.4.137.250
525,Sergei,Palumbo,spalumboek@merriam-webster.com,Male,198.52.241.135
526,Chad,Allderidge,callderidgeel@networkadvertising.org,Male,182.155.122.214
527,Wake,Calbreath,wcalbreathem@friendfeed.com,Male,108.81.230.69
528,Allix,Barradell,abarradellen@aboutads.info,Female,1.54.104.72
529,Nicolette,Swainston,nswainstoneo@gov.uk,Female,16.172.206.153
530,Cindy,Pauwel,cpauwelep@deviantart.com,Female,2.56.147.18
531,Natalya,Emeline,nemelineeq@upenn.edu,Female,208.174.218.90
532,Irv,Jakoubek,ijakoubeker@wsj.com,Male,186.16.92.176
533,Fritz,Camber,fcamberes@google.es,Male,138.109.18.29
534,Sven,Vasile,svasileet@virginia.edu,Polygender,242.192.40.192
535,Letizia,Spurman,lspurmaneu@csmonitor.com,Female,171.197.222.198
536,Cecelia,Stollwerk,cstollwerkev@imgur.com,Female,240.251.59.242
537,Chas,Bendon,cbendonew@edublogs.org,Polygender,28.74.120.166
538,Booth,Lindback,blindbackex@engadget.com,Male,190.245.158.202
539,Esdras,De La Coste,edelacosteey@economist.com,Male,217.170.88.126
540,Rebeca,Galpen,rgalpenez@discovery.com,Female,99.243.212.21
541,Melvyn,McGarry,mmcgarryf0@squidoo.com,Male,12.202.163.221
542,Pancho,Kaaskooper,pkaaskooperf1@jalbum.net,Male,31.166.89.133
543,Melodie,Strutton,mstruttonf2@psu.edu,Female,80.231.228.47
544,Austina,Franzoli,afranzolif3@hhs.gov,Female,195.6.215.12
545,Jone,Cord,jcordf4@google.ca,Male,184.27.156.128
546,Corrianne,Krook,ckrookf5@skyrock.com,Female,192.242.0.87
547,Even,Pedersen,epedersenf6@cbc.ca,Male,186.128.225.204
548,Vida,Goldring,vgoldringf7@51.la,Non-binary,128.177.244.156
549,Nariko,Fay,nfayf8@hibu.com,Genderfluid,231.166.29.202
550,Talbert,Smoote,tsmootef9@army.mil,Male,12.236.105.43
551,Seana,Fakes,sfakesfa@patch.com,Female,87.148.109.43
552,Alvin,Lecointe,alecointefb@weebly.com,Male,125.169.99.205
553,Reube,Spinello,rspinellofc@lulu.com,Genderfluid,101.7.74.155
554,Nicolle,Staunton,nstauntonfd@google.pl,Genderfluid,206.181.112.10
555,Aeriel,MacCaghan,amaccaghanfe@nifty.com,Female,36.147.62.85
556,Cristi,Terbrugge,cterbruggeff@bigcartel.com,Female,76.9.120.191
557,Valida,Boig,vboigfg@aboutads.info,Female,252.89.26.238
558,Ivette,Cammish,icammishfh@over-blog.com,Female,47.181.58.66
559,Hobart,MacGinley,hmacginleyfi@linkedin.com,Male,11.170.160.251
560,Heather,Royson,hroysonfj@cnet.com,Female,219.115.108.218
561,Billye,Petworth,bpetworthfk@wix.com,Female,227.198.170.137
562,Gene,Darleston,gdarlestonfl@dot.gov,Female,19.59.221.53
563,Broderick,Spiniello,bspiniellofm@webeden.co.uk,Agender,90.143.15.148
564,Wakefield,Feathers,wfeathersfn@java.com,Genderfluid,14.81.223.113
565,Nicolas,Nieass,nnieassfo@mapy.cz,Bigender,135.94.172.48
566,Eli,Liddicoat,eliddicoatfp@woothemes.com,Male,236.199.118.215
567,Gilbertina,Torald,gtoraldfq@paginegialle.it,Female,88.158.242.121
568,Jeddy,Hercock,jhercockfr@harvard.edu,Male,220.228.244.140
569,Edgardo,Bogies,ebogiesfs@constantcontact.com,Male,3.177.154.54
570,Orton,O Sullivan,oosullivanft@ning.com,Male,204.103.154.208
571,Shawna,Yersin,syersinfu@toplist.cz,Female,253.51.34.245
572,Sarena,Harrad,sharradfv@globo.com,Female,244.199.251.119
573,Ulrike,Whatley,uwhatleyfw@cnbc.com,Female,120.51.225.62
574,Fredericka,Kidgell,fkidgellfx@tripadvisor.com,Female,165.7.38.1
575,Bary,Longega,blongegafy@purevolume.com,Male,3.140.106.194
576,Papageno,Kissack,pkissackfz@newyorker.com,Male,33.138.17.67
577,Timothee,Boydell,tboydellg0@sun.com,Male,14.232.229.86
578,Mace,O'Keevan,mokeevang1@sina.com.cn,Male,235.72.142.157
579,Dorothy,Hendrichs,dhendrichsg2@skyrock.com,Female,123.125.202.22
580,Godard,Tolle,gtolleg3@sciencedirect.com,Male,138.117.135.92
581,Melba,Larratt,mlarrattg4@google.de,Female,38.231.178.215
582,Gussy,Cappel,gcappelg5@comcast.net,Female,52.203.42.230
583,Berrie,Stowe,bstoweg6@nymag.com,Female,206.236.145.162
584,Alberto,Kenningley,akenningleyg7@cocolog-nifty.com,Male,247.207.121.58
585,Roanna,Bloss,rblossg8@mapy.cz,Female,37.156.10.131
586,Duffy,Gissop,dgissopg9@printfriendly.com,Male,167.61.50.99
587,Jen,Mingardo,jmingardoga@163.com,Female,130.206.2.107
588,Merrielle,Kineton,mkinetongb@freewebs.com,Female,27.166.249.201
589,Irita,Nilles,inillesgc@nifty.com,Female,241.79.57.114
590,Hadley,Lanktree,hlanktreegd@usa.gov,Male,44.19.200.129
591,Harald,Burnsides,hburnsidesge@infoseek.co.jp,Male,253.3.61.72
592,Rowland,Roskams,rroskamsgf@army.mil,Male,99.179.235.186
593,Rochella,Drydale,rdrydalegg@umich.edu,Female,8.135.5.29
594,Rudd,Windrus,rwindrusgh@indiatimes.com,Male,12.252.107.82
595,Fabien,Haddrell,fhaddrellgi@arizona.edu,Male,7.130.20.218
596,Marthena,Lightning,mlightninggj@1und1.de,Female,92.202.234.99
597,Georgeta,Danton,gdantongk@sfgate.com,Female,66.104.142.194
598,Emilee,Truesdale,etruesdalegl@redcross.org,Female,39.194.146.14
599,Doralynn,Malim,dmalimgm@e-recht24.de,Bigender,230.218.9.229
600,Blondy,Hoxey,bhoxeygn@diigo.com,Female,202.221.211.165
601,Binky,Guynemer,bguynemergo@mapy.cz,Male,202.34.121.193
602,Skell,Pedrol,spedrolgp@alexa.com,Male,153.106.240.56
603,Brok,Kippin,bkippingq@newyorker.com,Male,60.127.174.239
604,Phylis,Beccera,pbecceragr@stumbleupon.com,Female,84.142.200.0
605,Rhiamon,Strachan,rstrachangs@chron.com,Female,122.122.216.84
606,Johna,Buer,jbuergt@globo.com,Female,253.166.80.59
607,Tanya,Stuchburie,tstuchburiegu@pagesperso-orange.fr,Female,231.79.120.24
608,Camey,Deschelle,cdeschellegv@wikispaces.com,Male,193.52.32.43
609,Winni,Grahamslaw,wgrahamslawgw@telegraph.co.uk,Female,62.142.28.20
610,Franz,De Coursey,fdecourseygx@rambler.ru,Male,109.85.151.145
611,Miner,Rehorek,mrehorekgy@loc.gov,Male,158.164.189.173
612,Alwin,Naulty,anaultygz@alexa.com,Male,210.183.178.115
613,Emelda,Belhomme,ebelhommeh0@foxnews.com,Female,254.52.93.98
614,Gloriana,Bythell,gbythellh1@people.com.cn,Female,223.64.129.252
615,Althea,Sandiford,asandifordh2@arstechnica.com,Female,22.214.130.12
616,Max,Foldes,mfoldesh3@adobe.com,Male,195.22.171.235
617,Kameko,Popworth,kpopworthh4@mapquest.com,Genderfluid,187.61.226.48
618,Dilan,Fibben,dfibbenh5@amazon.co.jp,Male,122.200.113.58
619,Kiel,Tape,ktapeh6@slideshare.net,Male,145.154.121.219
620,Adella,Attwool,aattwoolh7@skyrock.com,Female,18.2.104.166
621,Ker,Klimt,kklimth8@webeden.co.uk,Bigender,95.41.205.41
622,Gibbie,Langmead,glangmeadh9@privacy.gov.au,Male,56.174.166.78
623,Renelle,Mealiffe,rmealiffeha@europa.eu,Non-binary,30.64.199.135
624,Zachary,Inworth,zinworthhb@163.com,Male,220.96.46.159
625,Ilse,Placide,iplacidehc@mtv.com,Female,148.114.12.19
626,Genny,Ambridge,gambridgehd@linkedin.com,Female,32.233.211.19
627,Merridie,Phettiplace,mphettiplacehe@washingtonpost.com,Polygender,76.203.188.231
628,Wandie,Prangnell,wprangnellhf@example.com,Female,224.126.114.50
629,Christye,Elstub,celstubhg@adobe.com,Female,83.66.152.195
630,Madella,Primarolo,mprimarolohh@go.com,Genderfluid,20.245.244.248
631,Viola,Bristo,vbristohi@elegantthemes.com,Female,193.210.18.25
632,Gallard,Dennistoun,gdennistounhj@ft.com,Male,206.124.208.114
633,Leslie,McKaile,lmckailehk@seattletimes.com,Polygender,198.159.230.80
634,Kimbell,Rolstone,krolstonehl@illinois.edu,Male,85.60.165.40
635,Rollins,Joyes,rjoyeshm@theguardian.com,Male,48.4.211.163
636,Lev,Ogdahl,logdahlhn@sohu.com,Male,230.144.111.122
637,Amata,Yeardsley,ayeardsleyho@prweb.com,Female,193.50.168.121
638,Hussein,Rabbitts,hrabbittshp@arstechnica.com,Genderqueer,177.171.81.161
639,Tailor,Dimblebee,tdimblebeehq@hao123.com,Male,6.78.134.53
640,Putnam,Lambole,plambolehr@angelfire.com,Male,189.66.247.97
641,Carce,Peddie,cpeddiehs@theatlantic.com,Male,53.191.138.134
642,Lois,Titchener,ltitchenerht@spotify.com,Female,242.179.64.120
643,Granthem,Roskruge,groskrugehu@auda.org.au,Male,102.159.116.247
644,Angelina,Jagoe,ajagoehv@tumblr.com,Female,196.190.160.152
645,Yevette,Camus,ycamushw@about.me,Female,165.73.15.18
646,Ynes,Pennaman,ypennamanhx@histats.com,Female,236.126.221.154
647,Hillary,Ayto,haytohy@samsung.com,Male,227.116.11.42
648,Quincey,Mosby,qmosbyhz@theglobeandmail.com,Non-binary,149.129.76.241
649,Dillon,Stanborough,dstanboroughi0@discuz.net,Non-binary,14.82.91.130
650,Cathryn,Hartwright,chartwrighti1@ow.ly,Female,51.59.200.122
651,Emelen,Fibbitts,efibbittsi2@mediafire.com,Male,198.47.249.219
652,Keefer,Papes,kpapesi3@craigslist.org,Male,16.71.195.127
653,Dru,Pennuzzi,dpennuzzii4@stanford.edu,Male,181.118.156.153
654,Alfreda,Orrick,aorricki5@miitbeian.gov.cn,Female,33.167.152.3
655,Raimondo,Stiger,rstigeri6@reference.com,Male,98.99.118.130
656,Adaline,Stairmond,astairmondi7@phpbb.com,Female,102.105.121.9
657,Hazel,Legonidec,hlegonideci8@friendfeed.com,Male,242.156.203.74
658,Madge,Dole,mdolei9@over-blog.com,Female,245.25.145.46
659,Burg,Deboick,bdeboickia@timesonline.co.uk,Male,212.212.195.143
660,Lilla,Kamienski,lkamienskiib@bbb.org,Female,3.82.146.164
661,Briggs,Ganny,bgannyic@nymag.com,Genderfluid,6.50.66.66
662,Sella,Makey,smakeyid@princeton.edu,Female,241.218.48.110
663,Leopold,Searl,lsearlie@businesswire.com,Male,252.252.115.120
664,Burk,Maccaig,bmaccaigif@blogs.com,Male,35.222.213.199
665,Norton,Comi,ncomiig@netlog.com,Male,139.149.233.101
666,Spencer,Rentilll,srentilllih@apple.com,Male,133.4.248.190
667,Chris,Borges,cborgesii@nytimes.com,Non-binary,179.102.106.121
668,Evan,Baytrop,ebaytropij@unicef.org,Male,37.76.192.58
669,Ely,Borge,eborgeik@artisteer.com,Polygender,138.32.10.172
670,Darleen,Crowd,dcrowdil@loc.gov,Female,166.128.158.29
671,Reese,Maryan,rmaryanim@timesonline.co.uk,Male,182.219.219.0
672,Hayden,Lippiello,hlippielloin@paginegialle.it,Male,71.155.65.255
673,Leeland,Attwood,lattwoodio@aboutads.info,Male,233.123.27.227
674,Perren,Greschik,pgreschikip@ucsd.edu,Male,248.106.32.9
675,Tasha,Wilde,twildeiq@furl.net,Female,164.178.109.129
676,Shaylah,Spirritt,sspirrittir@google.ca,Female,212.137.118.148
677,Alisha,Ryall,aryallis@php.net,Female,212.189.209.253
678,Tasia,Symms,tsymmsit@cmu.edu,Female,57.2.97.244
679,Jody,Newark,jnewarkiu@printfriendly.com,Male,152.20.158.28
680,Christalle,Stearns,cstearnsiv@wikipedia.org,Female,45.217.14.195
681,Fee,Jeenes,fjeenesiw@amazon.co.jp,Male,135.75.31.246
682,Petrina,Bygott,pbygottix@noaa.gov,Female,102.127.28.41
683,Celestine,Burleigh,cburleighiy@imdb.com,Female,30.81.109.99
684,Darnell,Durham,ddurhamiz@comsenz.com,Male,24.192.191.250
685,Russell,Whitcomb,rwhitcombj0@hp.com,Male,153.247.39.225
686,Netti,Jakeman,njakemanj1@tamu.edu,Female,91.35.171.93
687,Julianne,Dorant,jdorantj2@tripadvisor.com,Female,238.214.223.40
688,Mile,Oager,moagerj3@sourceforge.net,Male,231.20.30.107
689,Damaris,Aveyard,daveyardj4@plala.or.jp,Female,229.31.103.11
690,Korey,Averall,kaverallj5@blinklist.com,Male,164.125.84.59
691,Leonard,Leifer,lleiferj6@cdbaby.com,Male,164.7.137.89
692,Elisha,Barkaway,ebarkawayj7@disqus.com,Female,77.205.223.140
693,Blondy,Le Noir,blenoirj8@hud.gov,Female,122.57.208.224
694,Nobie,Prosch,nproschj9@pcworld.com,Male,2.77.67.154
695,Alane,Matovic,amatovicja@twitpic.com,Agender,91.23.92.164
696,Gay,Hoggetts,ghoggettsjb@prnewswire.com,Female,250.200.88.67
697,Annelise,Lammers,alammersjc@cam.ac.uk,Genderfluid,240.108.236.189
698,Jacobo,Woodthorpe,jwoodthorpejd@amazon.co.uk,Male,233.182.82.225
699,Katya,Arlidge,karlidgeje@engadget.com,Female,140.155.16.15
700,Kerwin,Amery,kameryjf@ihg.com,Male,63.34.65.155
701,Tana,MacConnulty,tmacconnultyjg@comsenz.com,Female,78.133.196.82
702,Camel,Sturte,csturtejh@nymag.com,Bigender,222.128.134.76
703,Meris,Davage,mdavageji@home.pl,Female,202.60.255.88
704,Cassi,Bordes,cbordesjj@admin.ch,Female,144.245.142.224
705,Mireille,Ickovits,mickovitsjk@infoseek.co.jp,Female,219.21.122.190
706,Dawna,Lawrence,dlawrencejl@prweb.com,Genderfluid,135.235.96.44
707,Niki,Londing,nlondingjm@lycos.com,Male,31.230.128.40
708,Stacy,Marke,smarkejn@usa.gov,Male,209.30.232.25
709,Merrie,Rodenhurst,mrodenhurstjo@eventbrite.com,Agender,253.26.65.159
710,Chet,Pleaden,cpleadenjp@barnesandnoble.com,Male,12.39.254.126
711,Aaren,Eddison,aeddisonjq@sun.com,Agender,172.239.77.46
712,Iver,Kloisner,ikloisnerjr@blogspot.com,Male,1.188.118.121
713,Cathie,Snyder,csnyderjs@github.com,Female,122.202.170.1
714,Arden,Cottell,acottelljt@cnbc.com,Female,249.171.247.90
715,Rosabelle,Lysons,rlysonsju@homestead.com,Female,24.118.203.216
716,Rici,Bosquet,rbosquetjv@army.mil,Female,143.103.98.99
717,Ronnica,Tedstone,rtedstonejw@biglobe.ne.jp,Female,85.52.136.139
718,Ibbie,Loveland,ilovelandjx@cpanel.net,Female,87.13.155.2
719,Dolorita,Erat,deratjy@msn.com,Female,134.39.134.166
720,Cleon,McKean,cmckeanjz@google.co.jp,Male,63.172.18.192
721,Ring,Spencer,rspencerk0@virginia.edu,Genderfluid,234.91.248.145
722,Charlene,Toulamain,ctoulamaink1@chronoengine.com,Female,90.150.105.32
723,Hedy,Ryder,hryderk2@microsoft.com,Female,80.63.202.110
724,Buddy,Barraclough,bbarracloughk3@simplemachines.org,Male,51.195.47.136
725,Ynes,Oldknowe,yoldknowek4@123-reg.co.uk,Female,123.146.105.58
726,Zachary,Buss,zbussk5@imgur.com,Genderqueer,91.35.180.79
727,Lutero,Enders,lendersk6@cloudflare.com,Male,236.201.73.38
728,Lucine,Osborn,losbornk7@cdbaby.com,Non-binary,114.188.178.68
729,Zed,Wanek,zwanekk8@cisco.com,Male,208.116.221.69
730,Charline,Bourdon,cbourdonk9@weibo.com,Female,15.124.30.11
731,Mirabel,Konneke,mkonnekeka@fc2.com,Female,23.117.223.157
732,Roman,Bellefant,rbellefantkb@miibeian.gov.cn,Male,136.162.102.166
733,Christan,Kamien,ckamienkc@cpanel.net,Female,203.130.150.101
734,Winny,Brockbank,wbrockbankkd@cpanel.net,Female,184.118.158.206
735,Nonna,Waldocke,nwaldockeke@ovh.net,Female,52.40.10.185
736,Noelyn,Jillis,njilliskf@miibeian.gov.cn,Female,234.253.154.120
737,Dunc,Shadfourth,dshadfourthkg@narod.ru,Male,89.170.42.28
738,Bernardine,Paslow,bpaslowkh@admin.ch,Female,44.31.158.37
739,Blithe,Dutchburn,bdutchburnki@naver.com,Female,85.200.49.76
740,Adel,Torbard,atorbardkj@studiopress.com,Female,117.115.252.27
741,Randie,Pountney,rpountneykk@opensource.org,Male,156.153.30.180
742,Odie,Episcopio,oepiscopiokl@bloomberg.com,Male,210.190.103.233
743,Roselia,Puzey,rpuzeykm@dailymotion.com,Female,203.156.185.19
744,Andros,Bertin,abertinkn@ebay.co.uk,Agender,38.200.108.43
745,Garland,McCardle,gmccardleko@stanford.edu,Female,11.14.89.144
746,Kitty,Menchenton,kmenchentonkp@usatoday.com,Female,21.161.237.15
747,Durante,Wyrill,dwyrillkq@pinterest.com,Male,210.76.217.135
748,Buckie,Edlyn,bedlynkr@soundcloud.com,Male,67.150.167.173
749,Evangelia,Aberdeen,eaberdeenks@scribd.com,Female,46.162.180.88
750,Clevey,Kerkham,ckerkhamkt@hibu.com,Male,76.60.191.112
751,Lucas,Bernardt,lbernardtku@theatlantic.com,Male,190.191.251.57
752,Keven,Redwall,kredwallkv@msn.com,Male,171.201.62.53
753,Harriott,Guye,hguyekw@statcounter.com,Female,254.83.55.26
754,Cinnamon,Unsworth,cunsworthkx@mapquest.com,Female,163.165.226.184
755,Saunderson,Granham,sgranhamky@yale.edu,Male,151.47.53.29
756,Baily,Laird,blairdkz@foxnews.com,Male,114.209.78.244
757,Justinn,Grishechkin,jgrishechkinl0@yahoo.co.jp,Female,168.231.116.81
758,Sherman,Pahler,spahlerl1@marketwatch.com,Male,186.97.249.8
759,Liana,Walrond,lwalrondl2@yellowbook.com,Female,84.177.217.179
760,Gertie,Koeppke,gkoeppkel3@goo.gl,Female,90.76.125.212
761,Abbie,Rockwill,arockwilll4@hostgator.com,Female,228.14.167.95
762,Danyette,Strathe,dstrathel5@constantcontact.com,Female,39.188.111.60
763,Lionello,Bulward,lbulwardl6@samsung.com,Male,216.204.178.88
764,Margarete,Grummitt,mgrummittl7@huffingtonpost.com,Female,6.200.58.145
765,Sheilah,Barnsdale,sbarnsdalel8@sfgate.com,Female,253.142.30.116
766,Corabella,Powles,cpowlesl9@phpbb.com,Female,6.23.73.126
767,Fidela,Coveney,fcoveneyla@skyrock.com,Female,29.177.144.85
768,Hagen,Wilber,hwilberlb@unicef.org,Male,167.136.39.184
769,Bette-ann,Thomas,bthomaslc@newyorker.com,Polygender,205.148.167.146
770,Obidiah,Bergstrand,obergstrandld@constantcontact.com,Male,202.17.196.109
771,Harlene,McCaughen,hmccaughenle@sciencedirect.com,Female,12.60.98.232
772,Kaylee,Schwandt,kschwandtlf@altervista.org,Non-binary,27.70.63.200
773,Perl,Grinley,pgrinleylg@uol.com.br,Female,104.203.135.131
774,Alan,Leicester,aleicesterlh@people.com.cn,Male,194.181.235.54
775,Janey,Hedger,jhedgerli@skype.com,Female,85.254.136.120
776,Griswold,Webster,gwebsterlj@example.com,Male,157.58.18.244
777,Lynnell,Padbery,lpadberylk@yahoo.co.jp,Female,252.56.69.188
778,Ravi,Krysztowczyk,rkrysztowczykll@jalbum.net,Male,54.99.216.78
779,Michele,Rundle,mrundlelm@sciencedirect.com,Male,8.24.118.29
780,Camel,De Bruyne,cdebruyneln@etsy.com,Female,186.161.62.99
781,Lesya,Lewis,llewislo@joomla.org,Female,24.51.124.4
782,Jaquith,Pamment,jpammentlp@census.gov,Female,147.118.1.49
783,Clarabelle,Avramovich,cavramovichlq@xinhuanet.com,Female,117.245.23.52
784,Bourke,Chislett,bchislettlr@mashable.com,Male,1.253.254.33
785,Othelia,Count,ocountls@craigslist.org,Female,231.151.163.126
786,Hal,Gubbin,hgubbinlt@cnet.com,Male,8.187.154.92
787,Ilse,Itzkovwitch,iitzkovwitchlu@apache.org,Female,30.233.22.132
788,Cello,Revance,crevancelv@nytimes.com,Male,147.128.66.185
789,Enoch,Tillman,etillmanlw@csmonitor.com,Male,3.172.9.53
790,Immanuel,Lampbrecht,ilampbrechtlx@tuttocitta.it,Male,241.227.25.89
791,Wanids,Dougliss,wdouglissly@mediafire.com,Female,193.238.244.99
792,Tedd,Vellender,tvellenderlz@google.com.hk,Male,137.178.72.210
793,Gaylene,Solesbury,gsolesburym0@xrea.com,Female,73.67.19.57
794,Fina,Withnall,fwithnallm1@foxnews.com,Female,186.17.17.117
795,Lilian,Busain,lbusainm2@adobe.com,Female,29.239.251.140
796,Aldwin,Gilliam,agilliamm3@oaic.gov.au,Male,208.179.34.133
797,Myles,Demogeot,mdemogeotm4@smugmug.com,Male,108.114.17.164
798,Randee,Schall,rschallm5@washingtonpost.com,Female,60.165.245.105
799,Candra,Fourcade,cfourcadem6@51.la,Female,132.149.189.156
800,Jodie,Caiger,jcaigerm7@tamu.edu,Male,167.218.249.193
801,Giana,Entwistle,gentwistlem8@woothemes.com,Female,148.62.186.226
802,Zeb,Smiz,zsmizm9@hubpages.com,Male,57.196.218.198
803,Chaddy,Vreiberg,cvreibergma@yellowpages.com,Polygender,115.193.235.242
804,Sinclare,Dibner,sdibnermb@last.fm,Male,48.14.61.172
805,Enrichetta,Colgan,ecolganmc@aboutads.info,Female,208.182.180.7
806,Orran,Ivakhno,oivakhnomd@canalblog.com,Male,184.102.226.205
807,Rafa,Hansie,rhansieme@123-reg.co.uk,Female,123.224.171.172
808,Bertha,Timcke,btimckemf@amazon.co.jp,Female,229.64.192.192
809,Amalie,Joincey,ajoinceymg@cyberchimps.com,Female,189.64.139.200
810,Stormie,Millett,smillettmh@spotify.com,Female,252.71.70.153
811,Bill,Ace,bacemi@artisteer.com,Male,5.113.149.201
812,Virginia,Ruslinge,vruslingemj@histats.com,Female,112.67.243.92
813,Sonja,Kuschek,skuschekmk@ihg.com,Female,233.142.103.172
814,Emerson,Chevolleau,echevolleauml@dell.com,Male,129.94.228.227
815,Kinny,Gumly,kgumlymm@cam.ac.uk,Male,191.219.248.41
816,Mickey,Pavluk,mpavlukmn@home.pl,Male,45.236.217.253
817,Nick,Reolfo,nreolfomo@infoseek.co.jp,Male,179.201.120.125
818,Dyann,Roony,droonymp@marriott.com,Female,158.23.81.79
819,Murray,Prendergrast,mprendergrastmq@wikia.com,Male,67.19.243.136
820,Nicolais,Wasson,nwassonmr@hhs.gov,Male,103.68.67.220
821,Isis,Burgne,iburgnems@wordpress.com,Female,204.50.204.120
822,Robin,Spratley,rspratleymt@ftc.gov,Male,31.219.61.56
823,Sutherlan,Weedenburg,sweedenburgmu@seesaa.net,Polygender,12.134.100.169
824,Arne,Guerreiro,aguerreiromv@eventbrite.com,Male,237.151.172.206
825,Neils,Spragg,nspraggmw@princeton.edu,Male,231.226.205.155
826,Gray,Crennan,gcrennanmx@fastcompany.com,Male,35.167.1.215
827,Leland,Phillipps,lphillippsmy@simplemachines.org,Female,208.38.79.49
828,Elspeth,MacTrustie,emactrustiemz@facebook.com,Female,131.143.204.104
829,Burnaby,Cramond,bcramondn0@youku.com,Genderfluid,145.68.72.237
830,Stavro,Sorsbie,ssorsbien1@tamu.edu,Male,5.140.174.80
831,Thurstan,O'Hagirtie,tohagirtien2@deliciousdays.com,Male,100.185.194.189
832,Sherri,MacIlwrick,smacilwrickn3@elpais.com,Female,7.10.213.46
833,Germaine,Willerstone,gwillerstonen4@last.fm,Female,182.21.154.231
834,Dee dee,Tufts,dtuftsn5@skyrock.com,Female,123.47.47.84
835,Philip,Thrustle,pthrustlen6@netscape.com,Male,253.246.33.59
836,Riordan,O' Scallan,roscallann7@msu.edu,Male,48.20.125.84
837,Cybill,Tomaszkiewicz,ctomaszkiewiczn8@cornell.edu,Female,124.234.221.40
838,Joseph,Schurig,jschurign9@miibeian.gov.cn,Male,10.115.195.83
839,Hazlett,Loach,hloachna@e-recht24.de,Male,142.62.76.91
840,Archie,Gettings,agettingsnb@usda.gov,Male,84.179.237.49
841,Felizio,Tennison,ftennisonnc@businesswire.com,Male,243.56.90.179
842,Oby,Jimson,ojimsonnd@canalblog.com,Male,140.247.123.15
843,Fanny,Eaken,feakenne@mozilla.org,Female,90.218.38.248
844,Gui,Bridel,gbridelnf@dedecms.com,Female,168.174.34.149
845,Madge,Hawtin,mhawtinng@google.co.uk,Female,89.48.83.128
846,Rikki,Delgaty,rdelgatynh@census.gov,Female,1.249.33.11
847,Gustie,Charle,gcharleni@google.com.au,Female,83.111.18.154
848,Tove,Dallman,tdallmannj@java.com,Female,123.108.26.202
849,Eleonore,McClintock,emcclintocknk@github.io,Genderqueer,15.141.110.181
850,Nicki,Totterdill,ntotterdillnl@i2i.jp,Female,221.188.239.90
851,Karlen,McBlain,kmcblainnm@xrea.com,Female,203.51.191.189
852,Rudie,Fetter,rfetternn@yahoo.com,Male,175.184.252.85
853,Mandie,Courvert,mcourvertno@msu.edu,Female,34.92.101.226
854,Myrah,Sperring,msperringnp@webmd.com,Female,133.226.112.204
855,Tait,McGowran,tmcgowrannq@smugmug.com,Male,19.65.201.206
856,Vincenty,Ferencz,vferencznr@wordpress.com,Male,103.84.43.117
857,Granny,Runcieman,grunciemanns@theguardian.com,Male,193.9.39.163
858,Eldredge,Colson,ecolsonnt@over-blog.com,Bigender,177.221.168.77
859,Karolina,Montrose,kmontrosenu@example.com,Female,189.102.242.176
860,Gard,Chancellor,gchancellornv@github.com,Male,241.53.27.86
861,Worth,O'Teague,woteaguenw@odnoklassniki.ru,Male,174.83.106.246
862,Moses,Spohr,mspohrnx@theguardian.com,Male,109.136.148.32
863,Kennie,Dyett,kdyettny@is.gd,Male,100.110.184.44
864,Zacharie,Lardeur,zlardeurnz@google.co.uk,Male,26.115.153.107
865,Abelard,Crossland,acrosslando0@netscape.com,Male,9.113.200.104
866,Niko,Diggar,ndiggaro1@imageshack.us,Male,230.190.245.82
867,Emelia,Flew,eflewo2@myspace.com,Female,172.50.4.196
868,Jerrine,Croci,jcrocio3@printfriendly.com,Female,237.97.203.119
869,Eryn,Glanton,eglantono4@posterous.com,Female,10.26.152.108
870,Lalo,Lehrer,llehrero5@artisteer.com,Male,68.152.194.66
871,Cherianne,MacTrustam,cmactrustamo6@i2i.jp,Female,132.138.165.119
872,Marysa,Bute,mbuteo7@msn.com,Female,27.174.93.42
873,Berty,Uvedale,buvedaleo8@ask.com,Male,180.216.1.241
874,Antonio,Burehill,aburehillo9@ox.ac.uk,Male,169.62.228.154
875,Dre,Riccioppo,driccioppooa@pinterest.com,Genderfluid,175.60.156.14
876,Marmaduke,Broadfoot,mbroadfootob@nymag.com,Male,232.181.39.174
877,Felike,Mundford,fmundfordoc@google.co.uk,Genderfluid,128.134.215.207
878,Carrol,Wattingham,cwattinghamod@freewebs.com,Male,219.181.144.11
879,Lisabeth,Scurrer,lscurreroe@google.it,Female,7.165.21.104
880,Keefer,Stroulger,kstroulgerof@devhub.com,Male,41.68.95.69
881,Brietta,Ibbotson,bibbotsonog@constantcontact.com,Female,136.248.115.129
882,Fairlie,Corwood,fcorwoodoh@skype.com,Male,29.251.133.23
883,Lindon,Anderer,landereroi@bizjournals.com,Male,133.183.165.35
884,Gawen,Welburn,gwelburnoj@upenn.edu,Non-binary,247.168.109.49
885,Bary,Benne,bbenneok@macromedia.com,Polygender,143.29.50.192
886,Kellen,Guido,kguidool@angelfire.com,Female,66.132.37.191
887,Charlena,Limpricht,climprichtom@nhs.uk,Female,35.11.14.174
888,Tawsha,Marielle,tmarielleon@photobucket.com,Female,218.92.210.23
889,Abdul,Sallinger,asallingeroo@bizjournals.com,Male,242.84.198.9
890,Danyette,Tattersall,dtattersallop@apple.com,Female,84.207.177.187
891,Leeann,Janisson,ljanissonoq@lulu.com,Polygender,163.51.171.218
892,Shir,McIntosh,smcintoshor@narod.ru,Female,226.52.133.195
893,Neilla,Annable,nannableos@discovery.com,Female,45.31.244.191
894,Mariya,Featherstonhaugh,mfeatherstonhaughot@furl.net,Female,182.92.206.22
895,Desirae,Threadkell,dthreadkellou@harvard.edu,Female,176.49.63.179
896,Cortie,Ashplant,cashplantov@skype.com,Male,3.105.15.192
897,Godfrey,Reavey,greaveyow@sun.com,Genderfluid,203.202.109.93
898,Conn,Thorndycraft,cthorndycraftox@yahoo.co.jp,Non-binary,12.242.149.243
899,Brennen,Denisovich,bdenisovichoy@friendfeed.com,Male,60.139.6.215
900,Karrah,Tinan,ktinanoz@who.int,Female,233.167.89.137
901,Anthiathia,Jarrette,ajarrettep0@hc360.com,Female,74.177.120.179
902,Thorpe,Spier,tspierp1@aboutads.info,Male,87.216.10.102
903,Meyer,Guihen,mguihenp2@arizona.edu,Male,176.119.144.167
904,Corabel,Bruckner,cbrucknerp3@webs.com,Female,214.169.44.174
905,Karyl,Stanworth,kstanworthp4@angelfire.com,Female,78.208.5.148
906,Jakie,Lanceley,jlanceleyp5@ox.ac.uk,Male,20.222.212.45
907,Barbabas,Farnfield,bfarnfieldp6@squarespace.com,Male,32.25.240.165
908,Rodolph,Goldstein,rgoldsteinp7@gravatar.com,Male,30.103.192.162
909,Blinnie,Soonhouse,bsoonhousep8@istockphoto.com,Female,159.130.16.47
910,Worden,Bernt,wberntp9@go.com,Male,243.251.89.140
911,Valentine,Allen,vallenpa@posterous.com,Male,248.145.192.42
912,Marius,Hartup,mhartuppb@chicagotribune.com,Male,132.179.131.3
913,Tiff,Wimlet,twimletpc@sina.com.cn,Female,234.162.190.7
914,Chloette,Reddle,creddlepd@intel.com,Female,7.116.152.167
915,Minnie,Antoniak,mantoniakpe@usnews.com,Female,34.235.85.69
916,Alexander,Ferguson,afergusonpf@github.io,Non-binary,251.247.208.134
917,Corey,McDyer,cmcdyerpg@noaa.gov,Female,14.191.96.189
918,Gerardo,Lamkin,glamkinph@qq.com,Male,166.178.71.47
919,Ario,Warricker,awarrickerpi@princeton.edu,Male,232.68.11.122
920,Brigitta,Matusson,bmatussonpj@mlb.com,Female,56.80.250.145
921,Kata,Blakiston,kblakistonpk@narod.ru,Female,182.254.28.84
922,Berny,Theriot,btheriotpl@tinyurl.com,Female,171.76.245.115
923,Tootsie,Weatherell,tweatherellpm@wikia.com,Female,132.117.228.109
924,Melva,Coleman,mcolemanpn@opera.com,Female,242.129.2.115
925,Claybourne,Wittering,cwitteringpo@paginegialle.it,Male,140.104.246.21
926,Sutton,Yelland,syellandpp@51.la,Male,185.142.228.124
927,Alastair,McGettrick,amcgettrickpq@hao123.com,Male,115.227.173.18
928,Korella,Altofts,kaltoftspr@comcast.net,Female,178.237.200.110
929,Celestyna,Giacobazzi,cgiacobazzips@nsw.gov.au,Female,185.209.226.227
930,Kameko,Rapport,krapportpt@t.co,Female,71.60.183.44
931,Enoch,Domleo,edomleopu@g.co,Male,16.185.144.32
932,Felike,O'Lehane,folehanepv@gnu.org,Male,174.34.221.198
933,Rosetta,Leban,rlebanpw@earthlink.net,Female,15.87.168.178
934,Sophronia,Dignum,sdignumpx@vistaprint.com,Female,213.210.101.117
935,Rosa,De La Salle,rdelasallepy@elpais.com,Female,32.166.60.144
936,Amii,Bonifazio,abonifaziopz@freewebs.com,Female,65.182.239.133
937,Rianon,Lindenbluth,rlindenbluthq0@arstechnica.com,Female,227.228.238.179
938,Violette,BoHlingolsen,vbohlingolsenq1@bluehost.com,Female,43.191.141.62
939,Gabrielle,Cadd,gcaddq2@skyrock.com,Female,183.212.168.64
940,Marline,Uridge,muridgeq3@unesco.org,Female,137.109.57.126
941,Glenn,Gauler,ggaulerq4@geocities.jp,Agender,12.59.21.92
942,Moishe,Springle,mspringleq5@ezinearticles.com,Polygender,63.147.219.153
943,Rodolph,Gunther,rguntherq6@symantec.com,Male,116.127.29.230
944,Vevay,Ackeroyd,vackeroydq7@fotki.com,Female,102.44.237.104
945,Bradly,Pond,bpondq8@homestead.com,Male,122.44.224.103
946,Kanya,Dobbyn,kdobbynq9@vimeo.com,Female,107.233.244.48
947,Conrado,Waggett,cwaggettqa@ocn.ne.jp,Bigender,58.69.39.142
948,Nicolis,Lindores,nlindoresqb@sbwire.com,Male,46.7.156.45
949,Dennis,Gibbie,dgibbieqc@oracle.com,Male,148.120.66.7
950,Elisabetta,Rennick,erennickqd@hibu.com,Female,11.208.228.1
951,Archie,Willavoys,awillavoysqe@diigo.com,Male,95.212.246.202
952,Khalil,Lashmar,klashmarqf@about.com,Male,9.150.101.35
953,Ryley,Caltera,rcalteraqg@wordpress.org,Male,92.99.11.250
954,Olly,McCarl,omccarlqh@unc.edu,Female,188.10.164.158
955,Bink,Perris,bperrisqi@icio.us,Male,134.105.92.240
956,Wallis,Cruz,wcruzqj@opera.com,Male,157.167.178.195
957,Alyce,Fearfull,afearfullqk@geocities.jp,Female,163.124.197.206
958,Jeffie,Pirrey,jpirreyql@google.nl,Male,170.144.254.153
959,Merilyn,Josofovitz,mjosofovitzqm@devhub.com,Female,237.162.207.221
960,Dukie,Daniel,ddanielqn@issuu.com,Male,116.119.213.145
961,Brook,Theis,btheisqo@godaddy.com,Male,251.25.190.148
962,Romeo,Jime,rjimeqp@scientificamerican.com,Male,177.229.199.109
963,Selie,Quenell,squenellqq@youtube.com,Female,23.31.101.41
964,Hagan,Sworn,hswornqr@jiathis.com,Male,4.13.204.132
965,Denys,Koche,dkocheqs@amazon.co.jp,Male,212.108.36.208
966,Susann,Twitty,stwittyqt@google.com.br,Female,29.70.112.141
967,Carissa,Iacomini,ciacominiqu@liveinternet.ru,Female,66.92.66.163
968,Vivianna,Becraft,vbecraftqv@bloglovin.com,Genderfluid,154.26.195.184
969,Crysta,Este,cesteqw@squarespace.com,Female,19.199.76.144
970,Caressa,Cogman,ccogmanqx@si.edu,Female,105.219.104.194
971,Benedikta,Rosson,brossonqy@example.com,Female,65.39.147.98
972,Lynde,Cottee,lcotteeqz@google.com.br,Female,178.205.37.172
973,Otto,Taffie,otaffier0@google.co.jp,Male,225.154.178.90
974,Jeramey,Waterfall,jwaterfallr1@ebay.com,Male,215.132.188.232
975,Maible,Crippell,mcrippellr2@usgs.gov,Female,1.204.123.78
976,Lise,Berzons,lberzonsr3@java.com,Female,168.96.111.149
977,Shanan,Josefson,sjosefsonr4@samsung.com,Genderqueer,170.254.36.8
978,Chadwick,Mattingley,cmattingleyr5@google.fr,Male,23.213.237.71
979,Orville,Parmiter,oparmiterr6@amazonaws.com,Non-binary,185.159.181.102
980,Lauretta,Allday,lalldayr7@addtoany.com,Female,208.217.76.60
981,Persis,Garm,pgarmr8@cbsnews.com,Female,251.198.117.136
982,Winny,Tiffin,wtiffinr9@skyrock.com,Male,17.61.164.91
983,Salomon,Crocket,scrocketra@reverbnation.com,Male,84.90.250.165
984,Trumann,Brise,tbriserb@hugedomains.com,Male,183.97.124.46
985,Mike,Polgreen,mpolgreenrc@cnet.com,Male,40.84.27.127
986,Brody,Twamley,btwamleyrd@abc.net.au,Male,46.211.234.51
987,Herculie,Feehely,hfeehelyre@topsy.com,Male,67.81.65.241
988,Court,Kopacek,ckopacekrf@miitbeian.gov.cn,Male,252.2.220.85
989,Kacey,Danielsen,kdanielsenrg@sun.com,Female,66.91.118.185
990,Ansell,Gant,agantrh@goo.ne.jp,Male,121.14.107.192
991,Franciskus,Kemp,fkempri@51.la,Male,212.149.141.245
992,Aurel,Thaxter,athaxterrj@topsy.com,Female,82.218.90.160
993,Di,Flint,dflintrk@w3.org,Female,36.64.224.255
994,Mareah,Harkin,mharkinrl@geocities.com,Non-binary,16.30.65.186
995,Weider,Farrimond,wfarrimondrm@taobao.com,Male,194.99.180.228
996,Tobye,Pirnie,tpirniern@trellian.com,Female,15.44.28.55
997,Carey,Atheis,catheisro@buzzfeed.com,Male,134.185.53.142
998,Livia,Mayberry,lmayberryrp@istockphoto.com,Female,250.165.235.37
999,Tomi,Wilkerson,twilkersonrq@admin.ch,Female,156.74.227.238
1000,Alwyn,Craydon,acraydonrr@wikipedia.org,Male,25.233.240.179
